lfdj_69bd181f90be85.81136385,2026-03-20T10:04:00+00:00,/jdp.php
lfdj_69bd181f90be85.81136385,2026-03-20T10:04:01+00:00,/jdc.php
lfdj_69bd181f90be85.81136385,2026-03-20T10:04:04+00:00,/jdr.php
lfdj_69bd181f90be85.81136385,2026-03-20T10:04:04+00:00,/jdp.php
lfdj_69bd181f90be85.81136385,2026-03-20T10:04:05+00:00,/jdc.php
lfdj_69bd181f90be85.81136385,2026-03-20T10:04:06+00:00,/jdp.php
lfdj_69bd181f90be85.81136385,2026-03-20T10:04:06+00:00,/jdf.php
lfdj_69bd181f90be85.81136385,2026-03-20T10:04:07+00:00,/jdr.php
lfdj_69bd181f90be85.81136385,2026-03-20T10:04:12+00:00,/roots.php
lfdj_69bd181f90be85.81136385,2026-03-20T10:04:14+00:00,/bloodbowl.php
lfdj_69bd181f90be85.81136385,2026-03-20T10:04:15+00:00,/jdc.php
lfdj_69bd181f90be85.81136385,2026-03-20T10:04:23+00:00,/statistiques.php
lfdj_69bd181f90be85.81136385,2026-03-20T10:06:55+00:00,/statistiques.php
lfdj_69bd181f90be85.81136385,2026-03-20T10:07:42+00:00,/jdf.php
lfdj_69bd181f90be85.81136385,2026-03-20T10:07:42+00:00,/jdr.php
lfdj_69bd181f90be85.81136385,2026-03-20T10:07:43+00:00,/jdp.php
lfdj_69bd181f90be85.81136385,2026-03-20T10:07:44+00:00,/jdc.php
lfdj_69bd181f90be85.81136385,2026-03-20T10:07:44+00:00,/jdp.php
lfdj_69bd181f90be85.81136385,2026-03-20T10:07:45+00:00,/jdr.php
lfdj_69bd181f90be85.81136385,2026-03-20T10:07:54+00:00,/statistiques.php
lfdj_69bd27f83438e0.95093371,2026-03-20T10:56:56+00:00,/statistiques.php
